Model,Dimension,female,woman,girl,sister,she,daughter,mother,aunt,grandmother,male,man,boy,brother,he,son,father,uncle,grandfather,Female Terms_mean,Female Terms_std,Male Terms_mean,Male Terms_std,diff,diff_pvalue,diff_abs
leftist_populations_terms-L0,Warmth,-0.36043706321964286,0.5285215744070978,0.3869704132313476,0.6109273536212597,-0.976271157812213,1.0807069086389032,1.3197253817855659,0.8888550191998567,1.2163252446496045,-1.917639991350034,-1.6330697324018195,-0.18238316354399528,-0.18351091891527763,-1.7311220661375017,0.08696808427613471,1.0800220494612072,0.2992371344969094,-0.5138250703874006,0.5217026305001977,0.7160760183459303,-0.5217026305001976,0.9710241328660101,1.0434052610003954,0.026379302755908943,1.0434052610003954
leftist_populations_terms-L0,Competence,0.7411340336298747,0.32480833550176746,-0.008093540754811118,-0.7381807323159564,1.6169725075290506,-0.1631743168180856,-1.0997266546938713,-2.1709493924265764,-0.8045498119503689,1.2617462527778585,0.7265637096575484,-0.038616194258605206,-0.1616173598383612,1.908485517226174,0.5506243575404366,-0.8242989976874208,-0.8674439523913696,-0.25368376072728455,-0.25575106358877525,1.0446703508786335,0.2557510635887752,0.8819561468358467,-0.5115021271775504,0.30568095978669324,0.5115021271775504
leftist_populations_terms-L0,Sociability,0.9953956582450997,0.11397783672463786,0.2083229278725184,1.7370497026322953,-0.6269207119011597,0.1881957638276956,0.41693652714000073,1.3880569126562092,1.1896364029523516,-0.019179229552346827,-1.9964684062528637,-0.5494305459858672,0.05490065385791957,-1.8777197930142269,-1.1072151702393396,0.34911722388859856,-0.8317034044098518,0.3670476515583255,0.6234056689055165,0.7079745741979678,-0.623405668905517,0.8494131775774009,1.2468113378110335,0.005705853124363716,1.2468113378110335
leftist_populations_terms-L0,Morality,-1.7311988460416858,0.8183879591665946,0.4973743513380567,-0.9312640835645105,-0.5306276412323928,0.9853304650980643,0.8852388909396486,-0.35851370360484186,0.08680873351984227,-2.6330724011968156,0.2527920509442032,0.22607232170715882,-0.02920494900350642,-0.09520846783401572,1.0419506248649808,1.0102264363190177,1.189127770680905,-0.6842195121007029,-0.030940430486802745,0.8784445905382239,0.030940430486802742,1.1074387029884387,-0.061880860973605484,0.9029991711392279,0.061880860973605484
leftist_populations_terms-L0,Ability,1.2369801966231422,-0.8448513247018611,-0.3013326818683448,-0.9526914934819066,1.0351816482138583,0.8882137726371719,-0.18295588918599803,-0.7461194547433269,-0.35388015394915356,1.5975793436665056,0.7748997481401753,0.5143464870685923,-0.8617269113640208,1.09862347216681,0.8925667619454802,-1.7855742245193718,-0.36767593504493506,-1.641583361602817,-0.024606153384046512,0.8036576165492334,0.024606153384046505,1.163152401791651,-0.04921230676809302,0.9227943625403932,0.04921230676809302
leftist_populations_terms-L0,Agency,-1.2868625484885368,1.1679275743756306,1.8703514481162242,0.7258230851762453,1.231937822613933,-0.7249043844547026,-1.1973804894097735,-0.7420507565848151,-0.35067815236052613,-1.805701510494372,0.17160782385347192,0.18026139326427154,0.4640527217423413,0.7631406130122226,-0.9995375283422565,0.5963335364548465,-0.8468434418034564,0.7825227933292532,0.07712928877596431,1.1126572336902665,-0.0771292887759642,0.8660808426137546,0.1542585775519285,0.7609810569694105,0.1542585775519285
leftist_populations_terms-L0,Status,0.6915999538603388,0.1553427025338971,-1.9925714478869958,-0.6811612496200845,-0.10789900829766899,-0.9158336627286784,0.11605549083345691,-1.7644696218197178,-0.255689072873016,1.8013387299010468,-0.2873981759210279,-1.2139378662467517,0.22435639340864516,0.8047874582739771,0.555768158852715,0.9416046909212308,0.4806970499457395,1.4474094768628945,-0.5282917684442743,0.8477110395986847,0.5282917684442743,0.8504126105194818,-1.0565835368885486,0.02421230803083104,1.0565835368885486
leftist_populations_terms-L0,Politics,0.6732050248085687,-1.1268243380169563,-0.2880870895806391,0.25574525902085754,1.3388726268621238,-1.025995299841906,1.3069190395625299,-1.0847573640225308,1.1967517922201338,1.7267067072882847,-0.5761709769493284,-0.18374973025237115,-0.9033177528469966,-0.17952957303070202,-1.282559009070388,1.1140348276703291,-1.3241183260962046,0.3628741822751956,0.13842551677913129,0.9922522261570192,-0.13842551677913126,0.9884898948878031,0.27685103355826257,0.5838455399736632,0.27685103355826257
leftist_populations_terms-L0,Religion,-0.05427543730441322,1.126850993812647,1.01230264043632,-1.118015838491351,-0.4341729588749154,-0.6063893179773044,-0.4101527206375293,-0.797338884440126,-0.37289763942234544,0.33313614640686934,1.2254633223120026,1.5049102051108612,1.1061655210467387,-0.2653527842972161,1.18630879712002,0.03583107381235335,-2.1512134276132593,-1.3211596909993493,-0.18378768476655752,0.7259243289462725,0.1837876847665579,1.185528592021382,-0.3675753695331154,0.4653776816847617,0.3675753695331154
leftist_populations_terms-L1,Warmth,-0.5756390860688957,-0.0783348729371557,-0.12879363627499532,0.33838723297058526,-1.0862217149459328,1.385554812818181,1.452918460683745,0.9491069158028054,1.2615070367411816,-1.2811718678476556,-2.095244692903605,-0.17387967467818569,-0.274730610930066,-1.6165068748698146,0.48211936989262427,0.733796497991563,0.184123295018536,0.5230094095370852,0.3909427943099465,0.8689636076139129,-0.3909427943099465,0.9691386442593626,0.781885588619893,0.1086788939799686,0.781885588619893
leftist_populations_terms-L1,Competence,0.6862697047415847,0.2621443199946153,-0.08093884366358263,-0.8089786009941777,1.3704097887120683,-0.5415695903183178,-1.442173781981233,-1.8423713285170646,-0.6167125687244686,1.5752399618956952,1.210878935504368,-0.0441968385487573,0.26654186503301763,1.7040862730708657,0.08850093388026638,0.12313137302776078,-0.9816290043910393,-0.9286325987216012,-0.3348801000833974,0.9555239065966066,0.33488010008339736,0.9288082154345034,-0.6697602001667948,0.17434088003301557,0.6697602001667948
leftist_populations_terms-L1,Sociability,0.8193524643465059,0.4877558813557964,0.5296566396009842,1.0439803960902923,-1.0232857729764604,0.41661154427353614,0.8232100962518986,0.7581655230941798,1.1301483657930143,-0.43457354795509984,-1.616526208848439,-0.2699554538300144,-0.06454045675002397,-2.633912680933882,-1.036365951922334,0.27658908399584436,-0.18960357471777844,0.9832936531319846,0.5539550153144164,0.6026132126622921,-0.5539550153144159,1.011496415189318,1.1079100306288323,0.017064076761822842,1.1079100306288323
leftist_populations_terms-L1,Morality,-2.0277663832414357,-0.3956395084706209,-0.7934851191219392,-0.3803416453264288,-0.2956992909310795,1.5502214062847641,0.7336049234697642,0.4826892721950898,0.4701564605716243,-1.8140499491044955,-1.0875810803209518,-0.42934285500190306,0.02050629138521499,0.81883632329691,1.740369211652947,0.8693762228047457,0.5978271891337392,-0.05968146927594529,-0.0729177649522513,0.9705456207093576,0.07291776495225129,1.0234291363991082,-0.1458355299045026,0.7737012656694447,0.1458355299045026
leftist_populations_terms-L1,Ability,0.5982954174753533,-0.8106851811397303,0.1573976183564727,-1.1953257295762671,0.4801090376756317,-0.03013907012698052,-0.6067613348627896,-0.3943456962253826,-1.0531523980098407,1.688193540378396,1.3567701957684817,1.599191810856289,-0.42910959016663247,1.171118951448048,0.5360456021054668,-0.9168963483398525,-0.2320450341104309,-1.918661791506232,-0.31717859293705924,0.6171201946533474,0.31717859293705924,1.190780477550732,-0.6343571858741185,0.19967032265743828,0.6343571858741185
leftist_populations_terms-L1,Agency,0.23199292109226977,1.607497810454642,1.609518274924002,1.1083908546940504,1.239848797049068,-0.23435879154478959,-1.530130515582289,-1.3220919107295948,-0.4685084132203231,-0.5835069738000771,0.18967064904792993,-0.6330932634183705,0.6766589846286531,0.1471028665233695,-1.1972929520591944,0.9079426551185832,-1.4211326507771282,-0.32850834240079946,0.24912878079300396,1.1450006587320662,-0.24912878079300377,0.7515605049923241,0.49825756158600776,0.3188043236051312,0.49825756158600776
leftist_populations_terms-L1,Status,-0.21281393482984298,-0.598376634599697,-2.163727714731001,-0.6465455625835218,0.6517871546664219,-0.7135710331012195,0.11983594262833318,-0.9891761451075329,1.0571210310777115,0.7505300947653881,-0.3102647072683945,-1.7719106393035498,0.1280918515966912,1.3437557523935286,0.4740142396150985,0.7384653691872134,0.45273523409889976,1.6900497014954734,-0.3883852107311498,0.8937959372041312,0.38838521073114984,0.948389518503884,-0.7767704214622997,0.11121637164947554,0.7767704214622997
leftist_populations_terms-L1,Politics,1.1820657262028196,-1.3761688113051678,-0.24256056860394457,0.30844650596407236,0.7543552705564648,-1.408384100970201,0.8464343438716867,-0.8731716783136668,0.786525725522675,2.2063652322627334,-0.5059802438417593,-0.19994569245790464,-0.5234383232330201,-0.3977556665956352,-1.3249198985392134,1.2830861963012048,-0.8796723482310973,0.3647183314099541,-0.002495287452806854,0.9483985954055902,0.002495287452806922,1.0490603659054893,-0.004990574905613776,0.9921596965447843,0.004990574905613776
leftist_populations_terms-L1,Religion,0.8406720381502791,1.468051837659016,0.5613823512423496,-1.3375252849148522,-0.4015730775354825,-0.4587519887900791,0.16739091221690489,-1.6743479920395745,-0.5121149695373631,1.1753109988428558,1.2118039684711908,0.7217432108426517,0.4177116944709068,0.014734383966523313,0.850257468985971,0.16420000648305522,-1.8540022181432005,-1.3549433403711488,-0.14964624150542244,0.956261279339061,0.14964624150542283,1.0201844786328713,-0.29929248301084527,0.5534029458737635,0.29929248301084527
leftist_populations_terms-L2,Warmth,-0.8409395543660677,-0.6190000092491971,-0.8769691172981016,0.7356561150179023,-0.4481040223528191,1.3269400444605217,1.1165754956848466,1.2006759767420685,1.3644327976446926,-1.7149384647760666,-1.890288241685788,-0.5777711070914573,-0.06827383979490147,-0.725193961599969,-0.06129716214247649,0.3214382768780264,0.7075130068285785,1.0495437671002104,0.32880752514264955,0.9392185401179367,-0.3288075251426492,0.9495471324362281,0.6576150502852988,0.18277258917097364,0.6576150502852988
leftist_populations_terms-L2,Competence,0.9603831056088877,0.6390620520230993,0.4876275575209552,-0.9823901538217777,1.25765886552369,-1.1620232761318965,-1.3734255902473176,-1.5949429549313485,-0.50041030589196,1.7831919911731968,1.142987312445827,0.03016875177988097,-0.11049632386113974,1.000668974522269,-0.37159339568382244,0.6691289402529327,-1.0027649857630738,-0.8728305645184011,-0.25205118892751865,1.0314172622859854,0.25205118892751877,0.8995103264437446,-0.5041023778550374,0.31297255762165693,0.5041023778550374
leftist_populations_terms-L2,Sociability,0.836793677075639,-0.08732836989310971,-0.01642571837008323,1.629493041874251,-0.6897888904270748,0.502134521671768,0.49488748675748434,0.025861253208277014,1.279277467982493,-0.39491306832861095,-1.6267156131856337,-0.5388199410324097,0.35162515440776865,-1.897118000134726,-1.0919089392851233,0.1485155744236736,-0.770424953752047,1.844855317007466,0.44165605220884935,0.6845848477657152,-0.4416560522088492,1.0682806041973156,0.8833121044176986,0.06651437263565348,0.8833121044176986
leftist_populations_terms-L2,Morality,-1.9521197146985554,-0.33358063764692,-1.111303464353739,-0.5687156167044979,0.1220030008224908,1.1444350469187674,0.5502021518944604,1.3518449030991986,0.49098027742563577,-1.9456585502517112,-0.6043486538591845,-0.536112079873764,-0.19937721903073977,0.8937569565612401,1.013551084223548,0.3865500151063689,1.522980612512458,-0.22508811214505525,-0.03402822813812881,1.0091770009784704,0.03402822813812892,0.9895685625946592,-0.06805645627625773,0.8933685259848614,0.06805645627625773
leftist_populations_terms-L2,Ability,1.4138550833050154,-0.7351514755927682,0.9067065260635464,-0.6165706378860003,0.9507286857122698,-0.7977049694923151,-0.40101440420043044,-0.2350107579292294,-0.7203513041172284,1.9847733852134228,0.6667179680909887,1.372674419354837,-0.9169927480339921,0.8101513524748417,-0.720464720398365,-0.5197978732199572,-0.7492848279792689,-1.693263701365368,-0.02605702823746002,0.8172287934999818,0.0260570282374599,1.153594019416462,-0.052114056474919915,0.9182560267991071,0.052114056474919915
leftist_populations_terms-L2,Agency,0.2622098885947883,1.893449418036173,1.2994721112597423,0.30413928243817806,1.0270313087122844,-1.1002084462257193,-1.8577866707606234,-1.1427974918953503,-0.413706631460695,-0.16344107181633757,0.4933136896803568,-0.3517168800416679,0.4853663862957916,0.042453630808126065,-0.9255496605633038,1.5259283651715512,-1.239209082937518,-0.13894814529577804,0.03020030763319754,1.184182193229028,-0.03020030763319774,0.7719380908317776,0.06040061526639528,0.905309532252623,0.06040061526639528
leftist_populations_terms-L2,Status,-0.6953308961464982,-0.3140193970133761,-2.0560714285081985,-1.2546972427337713,0.42156776526587747,-0.06291972745036162,-0.04438578483957811,-1.3861227994727001,0.7364444250576566,0.9247558268688219,0.4078860499701746,-1.740172882271383,0.17322457344723402,1.1226235878659403,1.112376840025653,0.7307276790024871,0.905537639319677,1.018575771612346,-0.5172816762045501,0.8578332077702884,0.5172816762045501,0.8537924352982751,-1.0345633524091002,0.027915866359225026,1.0345633524091002
leftist_populations_terms-L2,Politics,1.3847827562302428,-1.0317299488529756,-0.3648890271694697,0.9819277032668091,0.2655166423030552,-1.2408475824183558,0.8410959941942994,-0.8974862030509484,0.7493550212081552,2.031449206119716,-0.6750742758737595,-0.26626559071446976,-0.27261269537932786,-0.5704952424894898,-1.6562814875721932,1.28614283917834,-0.8417235145724596,0.27713540559283073,0.07641392841231248,0.9256542973525647,-0.07641392841231259,1.0637132813319223,0.15282785682462507,0.7631376717808009,0.15282785682462507
leftist_populations_terms-L2,Religion,0.6881196354521524,1.384963600707392,0.753666168855806,-1.3318105285822377,-0.685873836920818,-0.765649727726283,0.24071335276001452,-1.2701036546456093,-1.1037220333848956,0.8540094167386202,1.6345410710748867,0.9679644270215906,0.8771383806549871,-0.07131647660890215,0.5456197262691062,0.025004190594163894,-1.1003932626778261,-1.6428704495821491,-0.23218855816494205,0.9541786468927811,0.2321885581649419,0.9908178726327217,-0.464377116329884,0.3538587565292689,0.464377116329884
leftist_populations_terms-L3,Warmth,-0.34423963532006463,-0.12722543467046538,-0.8354286392425363,0.6011355398659941,-0.25922407025201066,1.302614810765416,1.4557833807161333,1.309837471903521,1.640097322629488,-1.5044660060380148,-1.6122818062275022,-1.0764931215598328,-0.67129918397519,-1.0528642893932456,-0.03821720202534083,0.26799706345561297,0.01545136778368692,0.9288224315843479,0.5270389718217194,0.8808431965282341,-0.5270389718217198,0.8176644222981285,1.0540779436434393,0.024613218432681012,1.0540779436434393
leftist_populations_terms-L3,Competence,0.5032053980293729,0.1561869675191238,0.5781077567356184,-1.0673224362822733,1.34501593864683,-0.9305109299839954,-1.4665057583098127,-1.3942349886072665,-0.7329976840805366,1.5525142475231282,1.3299428447987607,0.4416951776360419,-0.07090645303804566,1.410740592435993,0.06547841279601055,0.2989968651115996,-0.5405424458580091,-1.4788635050725403,-0.3343395262592155,0.9458496443209538,0.3343395262592155,0.9390434562358934,-0.668679052518431,0.17508063619610076,0.668679052518431
leftist_populations_terms-L3,Sociability,0.7776241487635206,0.3085438773253739,-0.01835898852735721,1.8028895198852348,-0.6154049526217102,0.3716583105747561,0.8772778466394252,0.23597368461369225,1.3823787605826552,-0.5355896902149541,-1.6131191669088631,-1.0749347101831397,0.07473352347833245,-1.839510854841374,-1.2509933258865653,0.5510638259853275,-0.5337086268112279,1.0994768181468761,0.5691758008039546,0.6902592651102304,-0.5691758008039542,0.9357456719044119,1.138351601607909,0.013688884541669116,1.138351601607909
leftist_populations_terms-L3,Morality,-1.6640707502785168,-0.3039592683174573,-1.2886207634506044,-1.1783507227258785,0.30711757622112984,1.2783722720491584,0.7033897046871503,1.4296286362935662,0.7028215142112486,-1.7954012376841204,-0.16001327364055823,-0.596212329518729,-0.6146085557778563,0.7066965077267097,1.4990986856301034,0.01145787161826013,0.741933158179499,0.22072097477689512,-0.001519089034467131,1.0889171937993416,0.0015190890344669954,0.902360642861366,-0.0030381780689341265,0.9952269114736493,0.0030381780689341265
leftist_populations_terms-L3,Ability,1.174872037779396,-0.5321539303193162,0.7758751670291986,-0.9483517264117407,1.0854124351873995,-0.12111171157012306,-0.4885910849364544,-0.1573508547533387,-0.7851919368267746,1.890108246802248,0.38839578935865116,1.3379720854259654,-1.2287307586010219,0.9519110444646277,-0.05434946059467688,-0.7852271179536556,-0.5170218259607379,-1.986466398119643,0.00037871057536070167,0.762864427323702,-0.00037871057536034393,1.1908138304036784,0.0007574211507210455,0.998810057745654,0.0007574211507210455
leftist_populations_terms-L3,Agency,-0.5212823679959045,1.3420651621291415,1.0976530284052555,0.5697367207349074,0.7246629869315405,-1.362858410767654,-1.3891682662991236,-1.493551558196752,-0.32703670202110735,-0.623512842116874,1.0782158762063112,-0.4466413207676126,1.0719047670605486,0.20131609171629564,-0.5747547415705695,1.916502921947787,-0.5760207526734438,-0.6872305927227468,-0.151086600786633,1.056557780186403,0.15108660078663286,0.9154405143170482,-0.3021732015732659,0.5495467055067105,0.3021732015732659
leftist_populations_terms-L3,Status,-0.6530233286143022,-1.031486003725181,-1.9302714964464835,-1.242387733927092,0.600878008381058,-0.38638131374534884,-0.572957698071344,-0.9434694506542591,0.46693223306733167,0.9108881750945037,0.47981458186360965,-1.266668637493134,0.4634755207054197,1.4862892079125072,0.8091246035140135,0.23929944402942155,0.9760791320940736,1.5938647560152057,-0.6324629759706246,0.7532580471363489,0.6324629759706245,0.7953511692812782,-1.2649259519412492,0.004854231319582383,1.2649259519412492
leftist_populations_terms-L3,Politics,1.1564574565381847,-1.2703011672265394,-0.5624491442417289,0.555560632860857,-0.044018218978968605,-1.1647800646428497,1.4358135215288927,-0.7407318614298366,0.7464120543060918,2.036571894204418,-1.0305576888876007,-0.2062089217691916,-0.48291534995978624,-0.58334832642165,-1.4557669015449755,1.335829248378306,-0.11858284254680111,0.3930156798331775,0.012440356523789227,0.9487235878447049,-0.012440356523789282,1.0486248275366135,0.02488071304757851,0.9609253936044709,0.02488071304757851
leftist_populations_terms-L3,Religion,0.04269193138814629,1.308512057907064,0.9713991530919722,-1.2189853753563769,-0.8099346575987524,-0.9828271365211888,0.12607880755253253,-1.2156802370374693,-0.969542476340843,0.42771247426827846,2.0648678185123686,1.2389369841546487,0.89364050027335,0.06042696137261158,0.2883192739623333,0.17368452867957415,-1.0872692977658764,-1.3120313105423704,-0.30536532587943505,0.904314748189528,0.30536532587943527,0.9978571399293604,-0.6107306517588703,0.21785826819779236,0.6107306517588703
leftist_populations_terms-L4,Warmth,-0.30114991347709896,-0.3110008611837724,-1.0632574230641392,0.29604194714491294,-0.07037304893456453,1.0641032280645875,1.7253748074026978,0.9190027428934241,1.6905212919616166,-1.0875380490033422,-1.7145600350476213,-1.224471385868136,-0.6790634641655372,-0.9001640405591921,-0.20091337199914516,0.6988682753079534,-0.005805054789495359,1.164384355316853,0.4388069745341849,0.912214673330241,-0.4388069745341848,0.8847379657058424,0.8776139490683696,0.06849595887882023,0.8776139490683696
leftist_populations_terms-L4,Competence,0.5608779842619174,0.5757068036660193,0.8944263743360014,-0.8296322213153356,0.8486636006037901,-1.2649715741315117,-1.615561720050023,-1.0692708043455799,-0.7363979146358939,1.5808310225482485,1.7426942939100953,0.5445785548641994,0.03930147498408093,0.983683489905297,-0.52232421167121,-0.017296592938924722,-0.26451535228793166,-1.4507932077032355,-0.29290660795673507,0.9415239817123032,0.2929066079567355,0.9705380105339356,-0.5858132159134706,0.23816866243562432,0.5858132159134706
leftist_populations_terms-L4,Sociability,0.7501168639920226,0.5176574284605271,-0.018544545424198138,1.6706185470771153,-0.31121772452319385,0.3557707046955162,1.1500841750038737,0.13243577511278778,1.247656675176831,-0.7908586105864956,-1.6174743460795742,-0.9047340207158475,-0.09538857018817234,-1.8807989177791609,-1.4409158218254343,0.5023617394935977,-0.35919072582777506,1.0924213739375752,0.6105086555079202,0.6135304643755722,-0.6105086555079208,0.9370905678657309,1.2210173110158409,0.0071241340193048085,1.2210173110158409
leftist_populations_terms-L4,Morality,-1.6501215186201594,-0.6144551509214206,-1.6444721743321298,-1.1932682478998673,0.13961431617934397,0.9187594841352186,0.8943561872201087,1.198662070738446,0.9797129692339993,-1.2504628020579136,-0.21232890149964434,-1.1431599129131926,-0.47511970211233917,0.7652723251028335,1.2780396166454042,0.7240276289477873,0.6667226654852235,0.618221146668302,-0.1079124515851622,1.1147466341901073,0.10791245158516233,0.8567670320148805,-0.21582490317032454,0.6699521064198961,0.21582490317032454
leftist_populations_terms-L4,Ability,1.4600990240535607,-0.48428405476985115,1.2108081630466978,-0.5692220378871631,0.6196935314194397,0.06905686033154029,-0.8279796726753622,-0.1714390970296969,-0.6206003285633022,2.1349094626619745,0.12491811463484517,1.4500679392770424,-0.8999210659369316,0.30831737275518134,-0.3005852267123013,-1.0178216959887223,-0.7152192463346743,-1.7707980422822795,0.07623693199176257,0.7883215014388028,-0.07623693199176285,1.1691557085222815,0.15247386398352542,0.7636715241739267,0.15247386398352542
leftist_populations_terms-L4,Agency,-0.5911961536486954,1.4176136832024113,0.7891871306022925,1.1997269070339702,0.25723640532631453,-1.7956412540568993,-0.42406407431012927,-0.5511183520699892,-0.5633359811136496,-0.8451471184600859,1.414784853636338,-0.704590664960067,0.9036027350082647,-0.1790260918949319,-1.4046785612965664,1.6441337320422107,0.2589744495725846,-0.8264616446133718,-0.029065743226041545,0.9721171828551511,0.02906574322604168,1.0263033410932658,-0.05813148645208323,0.9088525777649927,0.05813148645208323
leftist_populations_terms-L4,Status,-0.3834705021084537,-0.49113670996293934,-1.5188638612550571,-2.0535817203729243,0.29081931976045833,-0.8388116207688462,-0.9673534258725981,-0.7830633756263992,0.4784448289729687,1.2503673210244834,1.1431454001391343,-0.7932338585969201,0.1251268245207221,1.4544822446455672,0.819182083406073,0.21551749756635863,0.8429078050028403,1.2095217495255315,-0.6963352296926434,0.7538432347485666,0.6963352296926435,0.6796726220774268,-1.392670459385287,0.0013262568438470962,1.392670459385287
leftist_populations_terms-L4,Politics,1.4503898575317287,-1.3174634680063726,-0.5995170605870811,0.20422149992032096,-0.531182443508613,-0.9296512797583145,1.3081277411578252,-0.23166193224261744,0.6523721546779395,2.3017914840787235,-1.2866630175851004,-0.4032898861878268,-0.4266814423944363,-0.9298386253343369,-0.8949708699088013,1.1239589899518927,0.0743510187336216,0.4357072794614482,0.0006261187983128567,0.9175647408940973,-0.0006261187983128506,1.0761385422976208,0.0012522375966257074,0.998032680282396,0.0012522375966257074
leftist_populations_terms-L4,Religion,0.12767466805897623,1.272111638777805,1.165039308588688,-0.6028348802593155,0.1296586321116695,-0.8476774565962879,-0.08792645943378151,-2.0721519947232907,-1.00660942972425,0.4296715654153742,1.2442035407638843,1.178035766054248,0.9621372052135658,0.8046421044431447,0.18376793864370358,-0.12690310259317794,-1.5524976336837382,-1.2003414110572161,-0.21363510813330963,0.9997061578153013,0.21363510813330983,0.9535762576595047,-0.42727021626661943,0.39465941681389727,0.42727021626661943
leftist_populations_terms-L5,Warmth,0.28047997084501064,-0.384734783797364,-1.1079717913081883,0.7380659309503567,0.051851068559863496,1.0369067041455458,1.953216716186282,0.7932956293247662,1.3114183139393534,-0.5083760361963316,-1.9116721407048622,-1.4628946309236426,-0.856650724123924,-0.8561109692091844,-0.39191724623646124,0.6280693474803848,-0.13349208267940715,0.8205167237477992,0.5191697509828473,0.8702013266478054,-0.5191697509828477,0.8388534975961035,1.038339501965695,0.027251356068215157,1.038339501965695
leftist_populations_terms-L5,Competence,0.3149018040631917,1.01498966721752,0.6144099051754277,-1.322625863336127,0.8322011523643557,-1.3171835557883689,-1.2553826659661937,-1.461422434824712,-0.5238188025437155,1.119877532036428,2.113573213438071,0.37176625688628984,0.004507267329032485,1.0772006859092187,-0.24276152091240724,0.12166540438566471,-0.4411924315934657,-1.0207056138402053,-0.34488119929318023,0.9774898174304734,0.34488119929318073,0.8981244755421909,-0.689762398586361,0.16103319126392765,0.689762398586361
leftist_populations_terms-L5,Sociability,1.107262418147133,0.9964881716813097,0.3978366672677261,2.0555602072395533,-0.17819761356774425,0.0959109925476185,0.7374789447243867,-0.16405384278322002,0.9515625222957858,-0.3257679776836045,-1.3921024663007633,-0.3575685200908598,-0.4674557352476317,-1.7044860593044133,-1.8697966854113057,0.24740669970061133,-0.7787052284834871,0.6486275052689054,0.6666498297280611,0.6765957235485351,-0.6666498297280611,0.808315678384954,1.3332996594561222,0.002515766229557886,1.3332996594561222
leftist_populations_terms-L5,Morality,-1.391235899586592,-1.1016129602971256,-1.6704345460403114,-1.0114858385986552,0.1295387094117016,0.8770643142631075,0.9625540796579669,1.3920524864570967,0.5198796828538343,-0.9795968212105015,-0.11392899971526754,-1.4862400252698267,-0.30367731132203335,0.6887867688283922,1.240436939183615,0.6450030963700359,1.055752641069142,0.5471436839454203,-0.14374221909766416,1.0902193786102155,0.14374221909766405,0.877552309210405,-0.2874844381953282,0.5693333252786623,0.2874844381953282
leftist_populations_terms-L5,Ability,1.704359968811976,-0.011099260310072362,0.34682672417531774,-1.2546764879778227,0.9048975981264465,0.09583929812916059,0.28104349477840807,-1.5262694081072423,-0.16505688230284873,2.1653804507437844,-0.277259027067778,0.4907048060430749,-0.8085661903399622,0.7408975822436674,0.39426701912522866,-0.3908021903967119,-1.3457809000122936,-1.3447065956623339,0.04176278281370252,0.9337810327038589,-0.04176278281370268,1.060454960338168,0.08352556562740521,0.869309938769583,0.08352556562740521
leftist_populations_terms-L5,Agency,-0.6697832341290875,1.370200641179446,1.0404154285078027,1.1163186685660904,-0.008604518248066262,-1.7438946915538627,-1.0238638215715186,-0.04408124774895379,-0.5658222202793737,-1.117690273754066,1.7012038647363987,0.5471879023710297,0.45866591462776796,-0.35397960898967845,-1.6548627024973739,1.0417270241272074,0.3578763948555424,-0.45101352019930474,-0.05879055503083593,1.0019548585240625,0.05879055503083592,0.9945721707137989,-0.11758111006167185,0.8167553297667692,0.11758111006167185
leftist_populations_terms-L5,Status,-0.7007509818111464,-0.6593054121532592,-1.2475410917041103,-2.140538075261892,-0.03106450889869885,-0.6474344532653363,-0.8913588074111917,-0.18181304645601812,0.2216412257131269,1.2816323320217344,1.5673016641706903,-1.0378817655114398,0.38475581882715354,1.0793727197881033,0.9002465770925115,-0.05871441478444728,1.0851166127231486,1.0763356069210714,-0.6975739056942806,0.6651107779347499,0.6975739056942807,0.7644664448253337,-1.3951478113885614,0.001289237404490918,1.3951478113885614
leftist_populations_terms-L5,Politics,1.4422322684698983,-0.9986953583194442,-0.7848621755876827,0.20566137398314036,-0.7384554562934187,-0.6275522530237981,1.4406389434999405,-0.4036290910499058,0.5235371486818515,2.284882346100896,-1.7130464173758269,-0.2934117420506275,-0.03459738560912777,-1.0295169234798915,-0.5612730547802747,1.0037613647624093,-0.12921201501156387,0.4135384270834262,0.006541711151175683,0.893615183797659,-0.006541711151175633,1.0960685723606465,0.013083422302351315,0.9794474081083584,0.013083422302351315
leftist_populations_terms-L5,Religion,-0.2126923139860269,1.336165153798066,0.8191880881279298,-0.4352802948491934,-0.441802889792725,-1.2430855366727322,-0.3635374108037078,-1.880769465451392,-0.744129599083206,0.20580338836376494,1.0852486650979167,1.1277982079577797,2.11416901194262,0.38222916605563884,0.3343552869629852,-0.022742750825469824,-1.0040453341054327,-1.056871372736815,-0.35177158541255416,0.9153662108145404,0.35177158541255427,0.9563567344310944,-0.7035431708251084,0.15227836908590717,0.7035431708251084
leftist_populations_terms-L6,Warmth,-0.14231149633439755,-0.3814017658329298,-1.2495507804951567,1.1069588745704724,-0.5099795082738368,1.0115502025325722,1.9246161418271606,0.7758688991807405,0.9040921612707421,-0.6218429271594912,-1.9106311676355856,-1.438823439770986,0.20586439342627402,-1.1864941245690872,-0.17007631778438778,0.7414772228158593,0.29425812410977265,0.6464255081222627,0.38220474760504075,0.945430304114423,-0.382204747605041,0.9022198190454718,0.7644094952100817,0.11752180836842083,0.7644094952100817
leftist_populations_terms-L6,Competence,0.14227975690161476,0.8742452876570427,0.9182156941797981,-1.0859568931683596,0.9625798435255793,-1.3266574826334339,-1.3594521416928131,-1.1539805235181184,-0.4221059256724337,0.6921382223084831,2.194793867382812,0.6346911954042029,-0.11517587599388956,1.3531242433735209,-0.3799106765620428,-0.30234766003117997,-0.660254842349989,-0.9662260891107931,-0.27231470938012486,0.9535959834378133,0.2723147093801249,0.9707440952597683,-0.5446294187602498,0.27429868114731715,0.5446294187602498
leftist_populations_terms-L6,Sociability,0.6692441654751442,1.095178899001137,0.554985466607752,1.8842765568439195,-1.1367490972102223,0.499777564936868,0.7236158106081039,0.01729422942738209,0.9972846042321679,-0.41127751644336147,-1.3224460887140355,0.08448136789237956,0.13223342838686608,-2.1266877079839546,-1.3791206252136985,0.15918527240407668,-0.9075167883941587,0.46624045814362186,0.5894342444358058,0.7774165668724191,-0.5894342444358072,0.8371129102606659,1.178868488871613,0.010044289466930843,1.178868488871613
leftist_populations_terms-L6,Morality,-1.2788610387564747,-0.8757205809877358,-1.8777909248326707,-0.07188543623815775,0.13318266760799316,0.6361087997770344,1.2636622750435689,1.250827606274602,0.44663829243735503,-0.963785324059084,-0.5976226293638237,-1.9275693788404442,0.26981798662560547,0.17938060148597942,0.7082432780158258,0.7848972880987941,1.2879322169139542,0.6325443007976852,-0.04153759329716504,1.0382346052149638,0.04153759329716585,0.9584457007156366,-0.08307518659433089,0.8700089569396642,0.08307518659433089
leftist_populations_terms-L6,Ability,1.9549513574384343,-0.5182136490251672,0.4795725796233239,-0.6757360222111835,0.8839157053765817,0.21473299117067324,0.4022434631215205,-1.6328881178037742,-0.6388363275328071,1.8005656445309792,-0.6070464729004792,0.829357705691086,-0.683333793605048,0.6939842997751428,0.3958797781696705,-0.17267084396344506,-1.2959905080092224,-1.4304877898462856,0.052193553350844635,0.9897319624635229,-0.052193553350844635,1.0074633037760377,0.10438710670168927,0.8370404988884298,0.10438710670168927
leftist_populations_terms-L6,Agency,-0.4326412309034391,1.3944939703779402,1.6062124020012036,0.4299193982246589,0.25249556348575425,-1.7076084917381575,-1.4239838955812167,0.13020898516037935,-0.5919193752331764,-0.5811101342093946,1.7493799275399726,1.0591121735601612,0.19864388040049089,0.17985748083008918,-1.594929987517253,0.14142638910465227,-0.05428950578583573,-0.7552675497168306,-0.038091408245117066,1.067614998805769,0.03809140824511695,0.9259029666011261,-0.076182816490234,0.8807175231218973,0.076182816490234
leftist_populations_terms-L6,Status,-1.373761845097768,-0.3074566579653093,-1.615329828064025,-1.4885683561044318,0.01813739729623597,-0.4981318766588337,-0.49742336793394737,0.38165181062855436,1.0072405234295287,0.12371754108832846,1.499354974562518,-1.5487759597969444,0.2241864983256716,0.9447257198463347,0.6530750687408438,-0.13797827924491193,1.1251112745919094,1.4902253623562471,-0.48596024449666625,0.8391495092590154,0.48596024449666636,0.9074763813167999,-0.9719204889933326,0.04088488035237937,0.9719204889933326
leftist_populations_terms-L6,Politics,1.77875572465042,-1.2157771660109562,-0.8214247997349889,-0.07544812760239011,-0.3268764923284217,-0.9396836527627397,1.1767604074920883,-0.40100364860106974,0.25070285697735695,2.3565476522850193,-1.7296758927355436,-0.13810374812752896,-0.06922254361198095,-0.4194036696237139,-0.732359340990566,0.8235944634120095,0.2815012977386853,0.20111667957431945,-0.0637772108800779,0.9359596315567872,0.06377721088007779,1.0563354120925794,-0.1275544217601557,0.8014943343537344,0.1275544217601557
leftist_populations_terms-L6,Religion,-0.43745827546315347,0.804823344978196,0.5643172030539372,-0.5101398015045752,0.3613900697863477,-1.506794500696025,-0.189237199954364,-2.0673305251468106,-0.6457974297065495,0.3577778746504022,1.170267776217343,0.1562965922973854,2.2296782706010467,1.2401390593384338,0.33781569623586777,-0.33605388360593147,-0.8789431776244941,-0.6507510934570563,-0.402914123850333,0.8872242450778726,0.402914123850333,0.9424189920358335,-0.805828247700666,0.09734926744305063,0.805828247700666
leftist_populations_terms-L7,Warmth,0.0354892496483291,-0.6531356529318334,-1.5785405071062328,0.9178161176126979,-0.7911566855121862,1.0074432534951407,1.7260062730688974,0.3848210156210285,1.0080693576916473,-0.2069749028848757,-1.8274163061374673,-1.4190173752793873,0.4454712050345746,-1.080855585638216,-0.002208019562246651,1.041569673454638,0.2579743802054558,0.7346445092200313,0.22853471350972093,1.0042259981079154,-0.22853471350972146,0.9418460140416904,0.4570694270194424,0.36169673252574497,0.4570694270194424
leftist_populations_terms-L7,Competence,-0.15580709189523195,0.9992210380568688,1.267103118750338,-1.004075610904648,1.1837296050843875,-1.1143976536582667,-1.362347690216285,-0.6538559311780442,-0.46049977579955526,0.21925768218896455,2.209917390609277,0.6803859329357167,-0.22199679458344454,1.2089876548901035,-0.18238569326096712,-0.8411815567727225,-0.8216873378121826,-0.9503672864343097,-0.14454777686227077,0.9767899182922448,0.14454777686227058,1.0020445778162665,-0.2890955537245413,0.5671481615736436,0.2890955537245413
leftist_populations_terms-L7,Sociability,0.5122734879528286,0.7817454324172578,-0.7176168144566815,1.436016232806016,-1.4869119922511562,-0.023513272944034498,0.5007028014176851,0.14665830355244,1.435912542192491,0.06572272481530265,-0.9250712469946444,-0.5007295209571347,0.7589069001202402,-2.142700813305841,-1.5512467118641269,0.7715964942008028,0.09228919928928805,0.8459662540092636,0.287251857854094,0.8977478500949674,-0.28725185785409435,1.0144069883279623,0.5745037157081884,0.24777188019443747,0.5745037157081884
leftist_populations_terms-L7,Morality,-1.044671096070762,-1.23074608821288,-1.7399004847460064,0.0853181297722651,0.0674137655555664,1.10468188077713,1.5037315111818754,0.9037632293039853,0.44603619212273415,-0.938084211088027,-1.0459348656989584,-1.7518935540288378,0.12585296966179152,0.3768897706638323,1.1347595787425682,0.8073924961918673,0.6333533081072847,0.5620374677645681,0.010625226631545352,1.0615189245335506,-0.010625226631545685,0.9343188866630013,0.021250453263091038,0.9666233760030349,0.021250453263091038
leftist_populations_terms-L7,Ability,1.483690152671217,-0.39228967620265387,1.1778564078666203,-0.5261300801615135,1.0358948719555152,0.6480602434778047,0.15390528663279965,-1.4802489663229697,-1.1506383443522337,1.2998894451255065,-0.532375730503642,1.0839992809734151,-0.7744301485655738,0.5098771050746271,0.7323125841998437,-0.34341569604408945,-1.4080878386782947,-1.5178688971463787,0.10556665506273176,0.9972707240825597,-0.10556665506273182,0.991545493442222,0.21113331012546357,0.6767546677959162,0.21113331012546357
leftist_populations_terms-L7,Agency,-0.6777214211943144,1.0647089997664085,1.066646993357863,0.5198614270909567,0.07058488133098656,-1.8909303341620678,-1.485169078033654,0.763649376582088,-0.36818947635932736,-0.7113528405385012,1.874748878000111,1.1432926791324296,0.5960291795921521,-0.02361557966918829,-1.4882519419854436,-0.13199861635471466,0.35176626980275905,-0.6740593963585403,-0.10406207018011787,1.0224422757965457,0.10406207018011812,0.9658954207178105,-0.208124140360236,0.6811304098196314,0.208124140360236
leftist_populations_terms-L7,Status,-1.337269641946586,0.2611666766884128,-1.128974705678379,-1.4792269846496067,0.31030035237424597,-0.5029622215723824,-0.31740374045885994,0.28084157878646027,1.4278391264555923,-0.3362804241221627,1.62391057890803,-1.8282539743601272,-0.14685492768869132,1.2093959250283584,0.41778330096421046,-0.31843724914976584,0.4211696192682483,1.443256711153001,-0.2761877288890114,0.8944443672560303,0.2761877288890113,1.0234304816186683,-0.5523754577780227,0.2672589221115997,0.5523754577780227
leftist_populations_terms-L7,Politics,1.458657618426989,-1.4982862115050797,-0.8012146595890609,0.11445762602507209,-0.6961410971694765,-0.781550626446578,1.3845271553062246,-0.5252333519768038,0.6753153140896898,1.9220063399379574,-1.6034400724303726,-0.28655129988556394,0.27293185305518614,-0.8056193816288857,-0.44752466869516955,1.388529521312571,0.07687093744811707,0.15226500372518303,-0.07438535920433592,0.9844378296165891,0.0743853592043359,1.0098592952940837,-0.14877071840867181,0.7692622341877329,0.14877071840867181
leftist_populations_terms-L7,Religion,1.0776277652295878,0.5944777246860588,1.2021097366316569,-0.5403173427928764,0.42487033977640587,-1.3516444045496137,0.40517153615093404,-1.8101188955052798,-1.3533552579661672,1.4175701484929895,0.24566741196544972,0.7867563999883315,1.2181203571565717,0.56990814845986,0.08924727207828312,-0.9236530340978056,-0.9827717484454891,-1.0696661572588957,-0.15013097759325486,1.0712694685009043,0.150130977593255,0.898500475788175,-0.3002619551865099,0.5521038381676702,0.3002619551865099
leftist_populations_terms-L8,Warmth,0.026333485103343164,-0.3250861302811066,-1.1917387448855503,1.0520028337411265,-0.5078716495850308,0.9651776603544998,1.7457923165482099,0.4832724525580554,0.9170456764084125,-0.5230167804165499,-1.9691654959786842,-1.6910212422939224,0.7188158191346876,-1.1823057354806026,-0.18860754848063518,0.8872728589755479,0.3828069250175767,0.4002932995606231,0.35165865555132875,0.8712805856019109,-0.35165865555132875,0.9967660312755725,0.7033173111026575,0.15241916331216424,0.7033173111026575
leftist_populations_terms-L8,Competence,-0.14005710296584753,0.8094019035031496,1.1929871537479853,-1.0355670623570288,0.7836172508761066,-0.9487644323200042,-1.348510788867505,-0.7837402355072909,-0.5202569041461068,0.2661164600635566,2.308737575111385,1.2641927036913856,-0.45029846495535314,1.0282726092567889,0.2025184083190885,-0.8299420636494349,-0.9501135990951991,-0.8485934107056756,-0.22121002422628233,0.8786079484952548,0.22121002422628236,1.0630993947908047,-0.44242004845256466,0.37770156134532906,0.44242004845256466
leftist_populations_terms-L8,Sociability,1.0428968945010588,1.0214362671421322,0.04379028871204558,1.5841478275934533,-1.1204908082723972,0.23145133507471327,0.09922007405409451,0.014210907465456068,1.3477646935726058,0.3657626419225682,-1.3356803463391393,-0.7869356767183602,0.8981612216148961,-2.180155296774082,-1.4239169030851522,0.22166531814511675,-0.1669007372867403,0.14357229867773733,0.47382527553812914,0.7998194239227197,-0.4738252755381283,0.9546036379767058,0.9476505510762574,0.04698930597019421,0.9476505510762574
leftist_populations_terms-L8,Morality,-1.0007146401873561,-0.977904736098566,-1.6468078411435754,0.2806746755045759,-0.0759946782820549,0.828200445735652,1.7328876783190341,0.825818163359249,0.35484870969044335,-1.1318237164719125,-1.175044377635363,-1.806567783246218,0.5121674664543546,0.12672824988701215,0.7208423404598397,0.9489126636268364,0.8522756532437856,0.6315017267842641,0.035667530766378026,1.0132190927462068,-0.03566753076637787,0.985313515888528,0.0713350615327559,0.8882613238674815,0.0713350615327559
leftist_populations_terms-L8,Ability,0.7507734295907649,0.13266574588213462,1.1299590897024703,-1.0578803509358243,1.3281791987259686,0.27867308658141776,-0.09031565402116849,-1.2503298540668024,-0.9983205551482636,0.6172274659132172,0.7216928715276549,1.7014962525523771,-1.3229240500746144,0.641184480843732,0.6939349329566216,-0.46652372481785903,-1.4718924220645935,-1.337599943147233,0.024822681812299692,0.9056291919306574,-0.024822681812299678,1.0856350379654829,0.04964536362459937,0.9221169143822464,0.04964536362459937
leftist_populations_terms-L8,Agency,-0.006684551136193553,1.11227890549566,1.1552732113187092,0.9023709490921056,-0.9478715699035161,-1.4986025166414667,-1.5326150572598076,0.5769716689427068,-1.0690773058051029,-0.3840599295555192,1.4205406524720052,1.5796383650670207,0.5891988134123566,-0.30727063412852096,-0.7040237218623164,0.356025509349835,0.1368432652688065,-1.3789360541267592,-0.14532847398854506,1.0627562071973777,0.1453284739885454,0.910114560569034,-0.29065694797709046,0.5650339035799694,0.29065694797709046
leftist_populations_terms-L8,Status,-1.4233952832414085,-0.682573039641232,-1.1439641109847385,-0.6545510677824073,-0.006735545011762635,-0.599999983354991,-0.463977611298096,0.5298204080584399,1.595634707563899,-0.21426628246473944,1.0331208355452972,-1.8623775454082012,0.6263750314358643,0.969765209430414,-0.09859854535150074,-0.3761499375086056,0.9055564479246563,1.8663163120891109,-0.31663794729914413,0.8646640403123205,0.31663794729914396,1.0255910091508909,-0.6332758945982881,0.2004801141264683,0.6332758945982881
leftist_populations_terms-L8,Politics,0.8961419815026365,-1.9216755662330074,-0.683658318640222,0.4640933599668525,-1.0563132117693999,-1.1673701635970792,0.9483728684032856,-0.28992243941303103,0.663977553782018,2.0465842917224735,-0.8657860677708299,0.1409158719996679,0.6875691170425118,-0.7479818415313362,-0.588625357253389,1.601603385252907,0.0010924333188235154,-0.12901789678288314,-0.23848377066643853,0.9758011641141324,0.23848377066643842,0.9664693840836033,-0.47696754133287694,0.3405843293807198,0.47696754133287694
leftist_populations_terms-L8,Religion,0.8067775262011261,0.8883513445423386,1.1774418758749894,-0.9360569785933152,0.04098637281303614,-1.2926551322103437,0.5616197966714256,-1.6934634436941844,-1.0710426327103748,1.6875422524144401,0.711114696950551,1.228977431083492,0.5005045566478571,0.2638523100574215,0.10205515897779255,-0.6926123602959018,-1.2232604238661404,-1.0601323508642098,-0.16867125234503358,1.0246725726284454,0.16867125234503358,0.9450640910370678,-0.33734250469006716,0.5034596419405366,0.33734250469006716
leftist_populations_terms-L9,Warmth,-0.6026970284001709,-0.7152052032256188,-1.1322965484955216,0.8401438747999955,-0.7569768485730242,0.9354145825632106,1.7924596134035073,0.7110146847805592,0.9080642860897993,-0.7913618929421241,-1.6163692941521004,-1.4776316669204335,0.6035013229173822,-1.1019122636894598,-0.026026666400074127,1.152814900020741,0.6239898691059242,0.6530742791174079,0.2199912681047485,0.9671368085664381,-0.2199912681047485,0.9837957498542337,0.439982536209497,0.38040222633710163,0.439982536209497
leftist_populations_terms-L9,Competence,-0.06485583373596905,0.9221617911664851,0.9367135147366737,-0.9230249170065102,0.8718398940564862,-0.7774549507140296,-1.6235670169858412,-0.8000487152707888,-0.5822607048948794,0.10602526928651858,2.1997441015004844,1.2924772712619228,-0.4201440286048277,1.0849703619917117,0.39701230925986414,-1.1463215320615159,-0.6858211467511025,-0.78744566723468,-0.2267218820720414,0.8882558992669712,0.22672188207204177,1.0527088076941535,-0.45344376414408316,0.36562163105208334,0.45344376414408316
leftist_populations_terms-L9,Sociability,-0.1372204464710081,0.39765807211898974,0.09780520804611012,0.9026989043849521,-1.316207251444419,0.2853601583080679,0.9368038864124489,0.2554532445048629,1.6392119088423598,0.16736200160671105,-1.4751996934548868,-0.7716176618169288,0.25900514758053356,-2.3600955140944535,-1.07782817175141,1.0544517955091395,0.2612793002910524,0.881079111427878,0.3401737427447072,0.7748572986323188,-0.3401737427447072,1.0808144226694707,0.6803474854894144,0.16720786836536058,0.6803474854894144
leftist_populations_terms-L9,Morality,-0.9498370532642955,-1.115784845973498,-1.6456210963427838,0.668899220937175,-0.5061477894362301,0.7233901264183932,1.4035118174671233,1.0754624266380133,0.44922703296508476,-1.151983877457162,-1.0261723509407836,-1.6868444112669216,0.891405641198904,-0.1891270226062109,0.4911862427434745,1.020027317135123,0.9372567614641892,0.611151860320407,0.01145553771210911,1.022482207747164,-0.011455537712108868,0.9768662529496748,0.022911075424217976,0.9640166902254244,0.022911075424217976
leftist_populations_terms-L9,Ability,0.9869546965687097,0.6227115420685579,1.1297313307087669,-0.6808803105182154,1.3374430745841934,0.21290505632184167,-0.6402396775450478,-1.3506553373090593,-1.1129658894131609,0.24092149254834855,0.9574325428626552,1.5610199492556047,-1.087000516036605,0.9513739430229119,0.32061721147542677,-1.0231521242525126,-1.2025853609968695,-1.223631623345547,0.05611160949628734,0.9649614728475338,-0.056111609496287435,1.030801790102923,0.11222321899257477,0.8249802184184138,0.11222321899257477
leftist_populations_terms-L9,Agency,-0.3628089477375495,0.40607030311684705,0.9570109926675692,1.360540839464515,-1.32775263027014,-1.5711116286727251,-0.9232094350297444,1.3037415500228449,-0.46984905223897844,-0.9378023642776416,0.5364844781506962,0.940539085316188,0.9538585068598182,-1.472235174249047,-0.7072468370167857,1.1415119243271006,0.787945197388197,-0.6156868078211568,-0.0697075565197068,1.0553497139000043,0.06970755651970764,0.9362257711146826,-0.13941511303941445,0.7834343324482979,0.13941511303941445
leftist_populations_terms-L9,Status,-1.4395495726568532,-0.6173782719219284,-1.7031310641875996,-0.8775751843089672,-0.11125544155666794,-0.3041743141265905,-0.2912449416105137,0.6069761777435492,1.4552915576963086,0.31505312662069374,0.8769534951437318,-1.8531619862769582,0.5635509644559511,1.0780635803822585,0.2608642723731782,-0.3741568843041272,0.8243240032485316,1.5905504832860056,-0.3646712283254737,0.9191423288825192,0.3646712283254739,0.9429778203752192,-0.7293424566509477,0.1367786460506124,0.7293424566509477
leftist_populations_terms-L9,Politics,1.3983694741863764,-1.3240697795796528,-0.6338916361454686,0.5504155894890012,-1.1629619757825511,-1.14564579033405,1.4509753502286653,-0.47789175595332556,0.3093446454899866,1.8310077619948346,-0.4144882490382302,-0.43009687769273935,0.385995911231213,-0.8419243711965317,-0.9326981713115381,1.7249044770732809,-0.2824700356914549,-0.0048745669678150715,-0.11503954204455763,1.021363792520926,0.11503954204455767,0.9645453907720605,-0.23007908408911532,0.6494355448854868,0.23007908408911532
leftist_populations_terms-L9,Religion,0.7457656294909474,0.6283193415687467,1.0320248583076368,-0.5473090446904514,-1.0238898478271445,-1.287800558126102,0.8799385351321399,-1.4699600322669895,-0.6435710698385099,1.8390608172375025,0.21775072687937494,1.34560694800164,0.6844722297535754,-0.7472221102833322,0.5966037539341246,0.1854728144492807,-1.2711890551629594,-1.1640739365594803,-0.18738690980552514,0.9460789328113668,0.18738690980552514,1.0172054585763768,-0.3747738196110503,0.4565291300136072,0.3747738196110503
leftist_populations_terms-L10,Warmth,-1.032250824529519,-0.7896899341877291,-1.1563715454964325,0.6472084672782048,-0.5514797269628431,0.8512840973974113,1.9026209513515773,0.5500880391766116,1.0960207755255542,-1.0759364655699226,-1.5138980992046254,-1.3060198076071194,0.4006766489345276,-0.7826628543507277,0.11364839428354913,1.1632886230254345,0.6812614902673824,0.8022117706686647,0.16860336661698166,1.0188240187491768,-0.16860336661698186,0.9513902608029035,0.33720673323396355,0.5036339385838389,0.33720673323396355
leftist_populations_terms-L10,Competence,0.07745108462797554,0.6866082660312753,0.7652521783518401,-0.6620151877760074,0.875325617160143,-0.7163679640054058,-2.0670332728648253,-0.5751039434933898,-0.8288289813926959,0.03137616349039322,2.288616382949365,0.9702818076499223,0.042959119730417133,1.0045322204734535,0.4107016581790899,-1.4134280474999281,-0.14930353122324622,-0.7410235703883753,-0.2716346892623433,0.9071899544058151,0.27163468926234347,1.0146110475467314,-0.5432693785246867,0.2755463949280671,0.5432693785246867
leftist_populations_terms-L10,Sociability,-0.7070182988033241,-0.12117355428927128,-0.5368060503948414,0.4922879042120621,-1.0780520321285336,-0.0626601861555277,1.0546190959476893,0.6576236017857015,1.8243165525619522,0.005835944003968828,-0.9400942703155788,-0.9761274764445302,0.05035994855582229,-1.566747729442664,-1.5025588121118363,0.5613359283143187,1.3855105834658852,1.4593488512387058,0.16923744808176747,0.8709023291963691,-0.16923744808176758,1.0882309062574362,0.33847489616353504,0.5020070549054438,0.33847489616353504
leftist_populations_terms-L10,Morality,-1.0931709650328885,-1.0452949667686355,-1.5482832603674106,0.5928135977948839,-0.41011586753894286,0.8375662729187544,1.582018458587164,0.5641334119127934,0.4620424874177321,-1.3022573981238128,-1.0408431939706295,-1.510989095377449,0.7332072234724926,-0.11119701581070665,0.9857672117252907,1.4521990714954318,0.38550675278884494,0.4668972748770884,-0.006476759008505546,0.9966677961535527,0.006476759008505608,1.0032793266562965,-0.012953518017011154,0.9796514330534527,0.012953518017011154
leftist_populations_terms-L10,Ability,0.9231609466883652,0.700050135017553,1.352705117750546,-0.49070813470132524,1.2840109034469471,0.4465408285807958,-0.9681781224189043,-0.8732005041170264,-1.0683658379236727,-0.17810087995106968,0.6417712605853811,1.7117902997706982,-0.8871313484795735,0.7430827457902094,0.46456171390275713,-1.563921577335558,-1.0225194364315546,-1.2155481101745684,0.14511281470258652,0.9376518333750601,-0.1451128147025865,1.0386017433966563,0.29022562940517305,0.5656176027871342,0.29022562940517305
leftist_populations_terms-L10,Agency,0.023831026101622098,-0.11705334384160727,-0.4307813664896673,1.4903725307322824,-1.5534274407806516,-1.4399294149234503,0.12009254072624508,0.22242084000948112,-0.9127915674173113,0.16397696128622286,0.9569401993976842,-0.300612755652847,1.541973379247265,-1.4821405381852826,-0.27498914422164183,1.9449185960635584,0.6271218019729929,-0.5799223040248918,-0.2885851328758952,0.885383475401196,0.28858513287589554,1.0244673463085603,-0.5771702657517908,0.24548593937217666,0.5771702657517908
leftist_populations_terms-L10,Status,-1.2903846766558564,-0.6011622119483192,-1.3798481621328327,-0.87052250237212,-0.1433323683385784,-0.33582206276865667,-0.47132515077127285,0.9287560411927825,1.65190037361789,0.17521162249154887,0.5377996177768507,-1.7892061352377384,0.2291724959981974,0.9892749207972276,-0.3164562336528004,-0.2938162988447144,1.1844628298308184,1.7952979010175718,-0.2790823022418848,0.9389194300716738,0.27908230224188463,0.9811505699863918,-0.5581646044837694,0.2620715475652378,0.5581646044837694
leftist_populations_terms-L10,Politics,1.6321706151228992,-0.5365462601424551,-0.8797980369692086,0.7200967060922416,-1.2801873474694263,-0.6386230377100955,1.642299354453866,0.18968456244567547,0.6638149294009902,1.4641926639102059,-0.45575143891261893,-1.0190957644313274,-0.08994828439759942,-1.3019586215757184,-1.3853810286823587,1.1904207482582576,-0.18328565555998208,0.2678958961666538,0.16810127613605413,1.0116334974824117,-0.1681012761360542,0.959208834766634,0.3362025522721083,0.5049239483011241,0.3362025522721083
leftist_populations_terms-L10,Religion,0.8357687203515994,0.42088197752601003,0.6785863671329025,0.07639530731547274,-0.21945188918445863,-0.8677382695420357,1.270969127292683,-1.406444877859944,-0.7584538467552461,1.5918794480404788,-0.6312193074554727,0.3099591287673083,0.9562203068495297,-0.8069324711568817,0.5114262040350273,1.2527154720950568,-1.8270046955467505,-1.3875567019052801,0.003390290697442603,0.8374361692203143,-0.0033902906974426893,1.1395953994026031,0.006780581394885292,0.9893476877236353,0.006780581394885292
leftist_populations_terms-L11,Warmth,-0.8978052276379037,-0.7392525826919828,-1.0529343602687737,0.6908884475248733,-0.23368401325856947,0.9145645341412398,1.9220523076836542,0.5390572640625247,1.4102959108656823,-1.1074483725121909,-1.585450102575925,-1.401139328170969,0.19925459394503817,-0.782384115462366,-0.13634370850586694,0.9812127796567917,0.4945315969545,0.7845843762502449,0.28368692004674945,1.0043837620415634,-0.2836869200467492,0.9111842411587324,0.5673738400934987,0.2539498933812842,0.5673738400934987
leftist_populations_terms-L11,Competence,0.06584136632999697,0.4874075156879983,0.9027012729863659,-0.42305197019551566,0.9326119644173035,-0.5354626513736978,-2.0508091495444463,-0.4981823356631928,-1.1374428411168787,-0.20477685898552084,1.9691913630733948,0.9035776922343641,0.462454171123414,1.193739799568592,0.5025910705296996,-1.567057233274649,-0.1319324740651586,-0.8714007017320687,-0.25070964760800735,0.9173822137167025,0.2507096476080075,1.0162180962513803,-0.5014192952160148,0.3156417281632579,0.5014192952160148
leftist_populations_terms-L11,Sociability,-0.7861717094939146,-0.36801999345672104,-0.46045551681332114,0.30094784217499265,-0.9801745854443084,-0.12808337863761343,1.017649072968863,0.8613812618138744,1.9388564756817763,-0.2756503545242766,-0.847276338841655,-0.9421103467277722,-0.0617026904070812,-1.5055584787398408,-1.2809796919525784,0.506360101570013,1.351016880021982,1.6599714508075811,0.15510327431040305,0.9039100031895726,-0.15510327431040316,1.0652852457113122,0.3102065486208062,0.5388566314678802,0.3102065486208062
leftist_populations_terms-L11,Morality,-0.8432923732881017,-0.6927197006612849,-1.6269900158232662,0.6904019329072787,-0.0042359624592582315,1.0639346911977423,1.7059096231134654,0.28796304003799067,0.5802789718246901,-1.3239620433490924,-1.0354485013177737,-1.7254955308453908,0.5489848207131246,-0.0816089655475184,0.9335617946317833,1.4970655508207775,0.015728605370713675,0.009924062674119685,0.12902780076102846,0.9790397450263162,-0.12902780076102846,1.0040840756233267,0.2580556015220569,0.609869073886115,0.2580556015220569
leftist_populations_terms-L11,Ability,0.6320954204036463,0.34159714571531447,1.346800807998647,-0.12687829957979313,1.1673485057704944,0.6288003355033159,-1.1247264410406272,-0.6493670965004019,-1.2555560557198098,-0.2487117467027532,0.5049990255766754,1.669522050518289,-0.4561671666154015,1.1193764971040594,0.4745678612678395,-1.8846253828279997,-1.0344051401671817,-1.104670320704313,0.10667936917230958,0.8984542254848858,-0.10667936917230955,1.0816741788054063,0.21335873834461913,0.6735249080936452,0.21335873834461913
leftist_populations_terms-L11,Agency,-0.19372068087561067,0.31149451528290145,-0.14248620308480456,0.9182223161375395,-1.2865569185774894,-1.3935643287616728,0.38202676135786817,0.4269830246045332,-0.6202509960788445,0.03697094535977556,0.6312737943346235,-0.686114673546277,1.4086159020515723,-1.9427642087842625,-0.3213468348457696,2.1041816381847527,1.0392130875254537,-0.6721771402842839,-0.17753916777728662,0.7471821257442064,0.17753916777728718,1.1741714350035373,-0.3550783355545738,0.48094123042783543,0.3550783355545738
leftist_populations_terms-L11,Status,-0.6635948184909493,-0.5720039723906711,-1.6777358249220722,-1.0070163242807229,0.2113847444316763,-0.4158044733836973,-0.6245862380104078,0.38640453204327047,1.6446896806613882,0.28086610369957005,0.8353591712831205,-1.6738605921720295,-0.021737966245637404,1.5837855848177205,-0.18169233011113053,-0.5496701127896688,0.7080556455880749,1.7371571902721739,-0.30202918826024283,0.8967489909629269,0.3020291882602437,1.00667670385516,-0.6040583765204866,0.2231828713109736,0.6040583765204866
leftist_populations_terms-L11,Politics,1.1367974534036758,-0.677518030427938,-1.0620895087322486,1.3874479244783926,-0.8026038419353365,-0.5498025196416573,1.8380256359580784,0.5782390617902772,0.7083120826302252,0.8100194881440649,-0.8520323919951183,-1.5061588630022018,0.5350793784886867,-0.6439289479366367,-1.7268279284129413,0.6024856433511774,-0.28336021123891264,0.5079155750784126,0.2840898063914965,1.0131843219151173,-0.28408980639149656,0.9011345591166103,0.568179612782993,0.25324689050100935,0.568179612782993
leftist_populations_terms-L11,Religion,0.7400765349008805,0.17275947373408387,0.7956545372220205,0.4559291951817112,0.35213359910339115,-1.0094505632320716,1.6580423166719298,-1.155013213861331,-0.7576525861265241,1.1375002133812815,-1.4737946177675236,-0.015503229470593401,1.2727801314831895,-0.832404990774523,-0.19048615786334605,1.3410145837304348,-1.4241587530839819,-1.0674264732290286,0.139164365954899,0.8847084893839644,-0.139164365954899,1.0856138573676581,0.278328731909798,0.581819542056307,0.278328731909798
leftist_populations_terms-L12,Warmth,-0.6729191578114202,-0.6179045231218725,-0.9899143578950815,0.8529327422418,-0.3523891381824711,1.1317869902698554,0.9241326861545208,1.167962829407238,1.6407566623733105,-1.0710924672184505,-1.4353777160618335,-1.4410829477436593,0.28434578450569165,-1.0883873946340994,-0.5203188014165142,0.10178192460374194,0.7813627353702023,1.3043241491590427,0.3427160814928755,0.9309685990913017,-0.3427160814928754,0.9478337631031704,0.6854321629857509,0.16385352311180246,0.6854321629857509
leftist_populations_terms-L12,Competence,0.2584689978975526,0.2857969584314762,0.5037300492957427,-0.493872439572123,1.337078362197227,-1.2770364980922648,-1.2680521309291142,-1.011678848863125,-1.578528773360171,0.5477396132162977,1.433763621499791,0.9138152531661998,0.5298903725032688,1.6010327212446847,0.578770186198914,-0.7984619521658117,-0.24082925039431446,-1.3216262422742344,-0.3604549247771999,0.9439040941585027,0.3604549247771994,0.9215148156370268,-0.7209098495543993,0.1417184706344636,0.7209098495543993
leftist_populations_terms-L12,Sociability,-0.09276671381112081,-0.583236738773328,-1.2044395129476186,0.6265649430504109,-1.3412623580910767,0.27332499644068614,-0.17341341200831975,1.1215207990620213,1.8260854384649852,0.4151130072050901,-1.1209470620064332,-0.9493623103535418,0.2541782645055308,-1.5590954723272892,-0.6190120220253167,0.309077507108595,1.2710733225219517,1.546597323984771,0.05026416015407106,0.9812379348087604,-0.05026416015407135,1.0159326472263064,0.1005283203081424,0.8429923165032053,0.1005283203081424
leftist_populations_terms-L12,Morality,-1.3020791159849807,-0.07223553115993346,-1.084512664261067,0.4855750490457238,0.4735120353921691,1.0445781202846334,1.5979545291203554,0.5918528001058796,0.8152278012685554,-2.2416458800874297,-0.3648195107828568,-1.907891710079489,0.3608604610734726,-0.01983465722505533,0.06678352400189916,0.8962875137809202,0.17344813929589292,0.486939096211311,0.28331922486792616,0.899002698917956,-0.28331922486792604,1.0155070560949864,0.5666384497358522,0.25459255927349583,0.5666384497358522
leftist_populations_terms-L12,Ability,0.8224051317185125,0.12504076008901072,1.6572037766582293,0.03536265740747614,1.3952840313975767,0.8368206153856962,-0.09075221583079401,-0.639390785850072,-1.4038516361320277,-0.29251270181699557,-0.35698545904949686,1.445065884851809,-0.6531835842888172,0.599897750865971,0.5511253790637923,-2.0120295581204135,-0.8571699740125047,-1.1623300723369512,0.3042358149826231,0.9214401539494119,-0.304235814982623,0.9827660863366231,0.6084716299652461,0.21965169609288598,0.6084716299652461
leftist_populations_terms-L12,Agency,-0.28661200422138744,1.2839089476915164,0.03497524019596171,0.020436619473772535,0.02439612283601111,-2.144837718304582,0.40312009526558207,-1.0088684742406206,-1.071593773029151,0.08849689251528037,1.3180828221691454,-0.1459356802816322,0.9689341975448869,-0.11914403625644156,-0.3670972786726077,2.13761193180535,0.22876934300242635,-1.3646432474935115,-0.30500832714809967,0.9324101068194244,0.3050083271480995,0.9718802567403174,-0.6100166542961991,0.21842407786039675,0.6100166542961991
leftist_populations_terms-L12,Status,-0.14850885354798543,-1.3254830523672383,-1.9196055967955246,-0.7739041049626217,-0.5682146597400529,-0.7569567581318617,-1.5185956549086168,0.7014498965635537,0.9336780874858261,1.3116566939432777,0.8758068655456538,-0.996114498275946,0.4949021434779035,1.228682887632424,0.38518617297529534,0.1425982537924794,0.7438013056191676,1.1896208716942651,-0.5973489662671692,0.9078125265279812,0.5973489662671689,0.6798711949170756,-1.194697932534338,0.008852274951152792,1.194697932534338
leftist_populations_terms-L12,Politics,1.8034258916323092,-0.8510620014343877,-0.2844800450664821,0.454076192694218,-1.3866609563465915,-0.034930637156299835,1.6528253171081293,0.005771188123014056,-0.15702020057778868,1.3553027999441893,-1.4825369349315907,-0.6609062776550773,-0.007128241442640181,-1.5311456420899279,0.08104851976972441,1.4480641477941338,-0.03751486113537951,-0.367128259229547,0.13354941655290228,0.9879167462616041,-0.13354941655290165,0.9941577385569377,0.26709883310580396,0.5972899438016037,0.26709883310580396
leftist_populations_terms-L12,Religion,-0.07804802222268672,-0.27587851352956055,1.3898052316841778,1.1011269563045727,0.3888062746543995,-0.8877537086940548,1.5216407891468324,-0.7395883709718406,-0.31820437532275386,0.4913063723635411,-1.3109633835005752,0.407401978798187,2.0003316886179725,-0.8024922410688651,-1.3965588833988845,0.3466557243867839,-1.331487912571382,-0.5060996046758599,0.2335451401165651,0.8588275116127312,-0.23354514011656471,1.073931394621161,0.4670902802331298,0.3509735762218039,0.4670902802331298
leftist_populations_terms,Sociability,0.5667168649674658,0.4020517350082978,-0.0754637518032445,1.5239355069122886,-0.976530479711382,0.2719511585340442,0.7373203255892246,0.4560084264857959,1.5187230381086445,-0.22459883300539377,-1.5482649165087041,-0.71903816814356,0.16980800584351766,-2.155022809083252,-1.4180759001632608,0.46404533956421096,-0.1022425264587706,1.1086769838640735,0.49163475823234837,0.7242788762068186,-0.49163475823234887,0.9959973084683655,0.9832695164646972,0.03824747367065514,0.9832695164646972
leftist_populations_terms,Morality,-1.5358958075656197,-0.7240471652243456,-1.518701716408764,-0.20838452383345313,-0.052443343872860385,1.1026898988387757,1.3391640430554512,0.9816988151773026,0.5797761742187019,-1.6413484787537638,-0.7273876378377375,-1.4213907795025398,0.17329170032178595,0.34765743580976355,1.1071222609950393,0.9507107684761753,0.9002788108581179,0.3472095452479694,-0.00401595840164579,1.0298253745448938,0.004015958401645635,0.9692406523148426,-0.008031916803291425,0.9873819727366528,0.008031916803291425
leftist_populations_terms,Ability,1.305177370717228,-0.12208141270031167,1.057918102568696,-0.7530005129544886,1.2077821256472296,0.33303873191653455,-0.4125576380043103,-1.020139095426457,-1.0222917233438078,1.1488554817999257,0.34764447848075086,1.4854657254009205,-0.9583535630091264,0.8908407259708471,0.4102434044276473,-1.1418121509572827,-1.1151165012649422,-1.641613549269053,0.0637606609355903,0.8940310666964167,-0.06376066093559035,1.0920520170833352,0.12752132187118065,0.8015448734644822,0.12752132187118065
leftist_populations_terms,Agency,-0.4766384039212211,1.4479782386531244,1.2391706316911466,0.993029529882884,0.07634692625885836,-1.8311178353548356,-1.2277685668165537,-0.27797121241750555,-0.7360847277468211,-0.7639519424316522,1.3985509146715562,0.277023831080229,0.9368342892480842,-0.3409433643399854,-1.2865022676145466,1.365137671887278,-0.060541252483187,-0.7325524602468518,-0.08811726886343597,1.067755721483397,0.08811726886343606,0.9188952133380435,-0.17623453772687203,0.7280744015904279,0.17623453772687203
leftist_populations_terms,Status,-0.8548012703379828,-0.5699649649944338,-1.8537188219628382,-1.3146374024635552,0.13423333760796502,-0.6068125249140313,-0.5468023850140487,-0.17320029306578963,1.0941668481112852,0.7138179524811556,0.9037556925370938,-1.6914075629746115,0.29205451040693864,1.318400807990488,0.5001619860833503,0.07618226259438612,0.9175676958037202,1.661004132110909,-0.5212819418926034,0.794908016205989,0.5212819418926034,0.9081032539776586,-1.0425638837852067,0.02652261736105008,1.0425638837852067
leftist_populations_terms,Politics,1.486988864850779,-1.2763148770327062,-0.6790996529442149,0.4558036329228401,-0.4720522541846546,-0.963733411731204,1.443099167635848,-0.4512632412638949,0.6332971820141797,2.1019944844470895,-1.19464757992525,-0.4225415827993431,-0.09156922119354625,-0.8383362793769108,-1.025653045808223,1.315457680411614,-0.26972875372172406,0.24829888769932107,0.019636156696330256,0.9628910803151253,-0.01963615669633028,1.0354079438317854,0.03927231339266053,0.9383569021512502,0.03927231339266053
leftist_populations_terms,Religion,0.487410573017558,1.0929902984444069,1.086468261226999,-0.7384050350305487,-0.2701918670579062,-1.1332971010288004,0.47059458256030295,-1.7327541673511944,-0.94093593556224,1.0695154004650353,0.8115088258972009,1.0433392840511708,1.2908544564971056,-0.021473291615291008,0.3837609212766289,0.14077206494695457,-1.6413735348209901,-1.3987837359163933,-0.18645782119793586,0.9609934749742057,0.18645782119793572,1.0034732198146783,-0.3729156423958716,0.4588050443143089,0.3729156423958716
leftist_populations_terms,Warmth,-0.439531483625048,-0.4400177809831626,-1.01192478950808,0.7801801503291883,-0.5325494091610753,1.1469657060400174,1.7222992189395285,0.8704558197954851,1.3342634380927703,-1.0778135096462134,-1.8624973389395143,-1.2377131238876675,0.026064384332138663,-1.1477725574852045,-0.08608220740938452,0.801415957754004,0.3762415462262799,0.7780159791359421,0.38112676332440265,0.9318776738872006,-0.3811267633244022,0.9171089256278725,0.7622535266488049,0.11864697135764848,0.7622535266488049
leftist_populations_terms,Competence,0.32745020228967164,0.6955453031460022,0.7743850995831788,-0.9873981043663015,1.1788675701089244,-1.0521140625157468,-1.5847043689494122,-1.262658158355305,-0.7490941311079964,0.9243191185038578,1.928061850606927,0.6500801605745884,-0.04193818685418903,1.3685370202754872,0.03216705269123972,-0.46772229793066994,-0.6680075564202924,-1.0657765112799613,-0.2955245166852205,0.9742820644795751,0.2955245166852208,0.9360047964136454,-0.5910490333704412,0.23380426560980352,0.5910490333704412
